{"cameraMode":{"drawMode":0,"name":"Shaded","section":"Shading Mode"},"sceneLighting":true,"audioPlay":false,"sceneViewState":{"showFog":true,"showMaterialUpdate":true,"showSkybox":true,"showFlares":true,"showImageEffects":true,"showParticleSystems":true},"in2DMode":false,"pivot":{"x":-2465.822021484375,"y":220.17868041992188,"z":363.5119323730469},"rotation":{"x":-0.0021680211648344995,"y":0.9941273331642151,"z":-0.10627732425928116,"w":-0.020281583070755006},"size":285.913330078125,"orthographic":false}