{"cameraMode":{"drawMode":0,"name":"Shaded","section":"Shading Mode"},"sceneLighting":false,"audioPlay":false,"sceneViewState":{"showFog":true,"showMaterialUpdate":true,"showSkybox":false,"showFlares":true,"showImageEffects":true,"showParticleSystems":true},"in2DMode":false,"pivot":{"x":-0.11293928325176239,"y":0.8665007948875427,"z":-0.004043455235660076},"rotation":{"x":-0.00005508990216185339,"y":0.9981091022491455,"z":-0.06146134436130524,"w":-0.0008968258043751121},"size":16.689485549926759,"orthographic":false}